lat,lon,tech,interest_rate
-23.0,133.0,solar,0.058206
-23.0,133.0,solar_tracking,0.055111
-23.0,133.0,wind,0.066323
-23.0,133.0,ammonia_synthesis,0.082468
-23.0,133.0,electrolysis,0.071304
-23.0,133.0,hydrogen_compression,0.077569
-23.0,133.0,hydrogen_from_storage,0.051585
-23.0,133.0,hydrogen_fuel_cell,0.076069
-23.0,133.0,penalty_link,0.116994
-23.0,133.0,accumulated_penalty,0.119309
-23.0,133.0,ammonia,0.061870
-23.0,133.0,battery,0.070942
-23.0,133.0,compressed_hydrogen_store,0.064991
-23.0,134.0,solar,0.056547
-23.0,134.0,solar_tracking,0.052829
-23.0,134.0,wind,0.066883
-23.0,134.0,ammonia_synthesis,0.089575
-23.0,134.0,electrolysis,0.073122
-23.0,134.0,hydrogen_compression,0.075109
-23.0,134.0,hydrogen_from_storage,0.048895
-23.0,134.0,hydrogen_fuel_cell,0.084027
-23.0,134.0,penalty_link,0.116582
-23.0,134.0,accumulated_penalty,0.121218
-23.0,134.0,ammonia,0.066112
-23.0,134.0,battery,0.061989
-23.0,134.0,compressed_hydrogen_store,0.067434
-23.0,135.0,solar,0.055388
-23.0,135.0,solar_tracking,0.051259
-23.0,135.0,wind,0.064179
-23.0,135.0,ammonia_synthesis,0.086393
-23.0,135.0,electrolysis,0.073557
-23.0,135.0,hydrogen_compression,0.076251
-23.0,135.0,hydrogen_from_storage,0.049695
-23.0,135.0,hydrogen_fuel_cell,0.083925
-23.0,135.0,penalty_link,0.111476
-23.0,135.0,accumulated_penalty,0.120458
-23.0,135.0,ammonia,0.063444
-23.0,135.0,battery,0.067356
-23.0,135.0,compressed_hydrogen_store,0.065887
-23.0,136.0,solar,0.059363
-23.0,136.0,solar_tracking,0.054336
-23.0,136.0,wind,0.059086
-23.0,136.0,ammonia_synthesis,0.087824
-23.0,136.0,electrolysis,0.075422
-23.0,136.0,hydrogen_compression,0.072206
-23.0,136.0,hydrogen_from_storage,0.046422
-23.0,136.0,hydrogen_fuel_cell,0.081111
-23.0,136.0,penalty_link,0.112126
-23.0,136.0,accumulated_penalty,0.121581
-23.0,136.0,ammonia,0.068153
-23.0,136.0,battery,0.073042
-23.0,136.0,compressed_hydrogen_store,0.063576
-23.0,137.0,solar,0.054268
-23.0,137.0,solar_tracking,0.054209
-23.0,137.0,wind,0.061124
-23.0,137.0,ammonia_synthesis,0.086945
-23.0,137.0,electrolysis,0.073353
-23.0,137.0,hydrogen_compression,0.075159
-23.0,137.0,hydrogen_from_storage,0.053055
-23.0,137.0,hydrogen_fuel_cell,0.084338
-23.0,137.0,penalty_link,0.111779
-23.0,137.0,accumulated_penalty,0.121045
-23.0,137.0,ammonia,0.064410
-23.0,137.0,battery,0.068661
-23.0,137.0,compressed_hydrogen_store,0.065183
-23.0,138.0,solar,0.053180
-23.0,138.0,solar_tracking,0.057561
-23.0,138.0,wind,0.062284
-23.0,138.0,ammonia_synthesis,0.087528
-23.0,138.0,electrolysis,0.074180
-23.0,138.0,hydrogen_compression,0.074885
-23.0,138.0,hydrogen_from_storage,0.047435
-23.0,138.0,hydrogen_fuel_cell,0.086168
-23.0,138.0,penalty_link,0.116534
-23.0,138.0,accumulated_penalty,0.118744
-23.0,138.0,ammonia,0.066113
-23.0,138.0,battery,0.066359
-23.0,138.0,compressed_hydrogen_store,0.067569
-23.0,139.0,solar,0.061202
-23.0,139.0,solar_tracking,0.058088
-23.0,139.0,wind,0.065837
-23.0,139.0,ammonia_synthesis,0.092570
-23.0,139.0,electrolysis,0.073531
-23.0,139.0,hydrogen_compression,0.078920
-23.0,139.0,hydrogen_from_storage,0.046374
-23.0,139.0,hydrogen_fuel_cell,0.083136
-23.0,139.0,penalty_link,0.119737
-23.0,139.0,accumulated_penalty,0.117218
-23.0,139.0,ammonia,0.063171
-23.0,139.0,battery,0.071090
-23.0,139.0,compressed_hydrogen_store,0.073100
-23.0,140.0,solar,0.061824
-23.0,140.0,solar_tracking,0.061644
-23.0,140.0,wind,0.064331
-23.0,140.0,ammonia_synthesis,0.087777
-23.0,140.0,electrolysis,0.072618
-23.0,140.0,hydrogen_compression,0.080558
-23.0,140.0,hydrogen_from_storage,0.048955
-23.0,140.0,hydrogen_fuel_cell,0.083606
-23.0,140.0,penalty_link,0.114118
-23.0,140.0,accumulated_penalty,0.122091
-23.0,140.0,ammonia,0.067785
-23.0,140.0,battery,0.072207
-23.0,140.0,compressed_hydrogen_store,0.072150
-23.0,141.0,solar,0.059985
-23.0,141.0,solar_tracking,0.055347
-23.0,141.0,wind,0.061585
-23.0,141.0,ammonia_synthesis,0.093608
-23.0,141.0,electrolysis,0.075984
-23.0,141.0,hydrogen_compression,0.078020
-23.0,141.0,hydrogen_from_storage,0.053916
-23.0,141.0,hydrogen_fuel_cell,0.086293
-23.0,141.0,penalty_link,0.114750
-23.0,141.0,accumulated_penalty,0.121381
-23.0,141.0,ammonia,0.070646
-23.0,141.0,battery,0.070508
-23.0,141.0,compressed_hydrogen_store,0.069852
-23.0,142.0,solar,0.063320
-23.0,142.0,solar_tracking,0.057296
-23.0,142.0,wind,0.068064
-23.0,142.0,ammonia_synthesis,0.088000
-23.0,142.0,electrolysis,0.078129
-23.0,142.0,hydrogen_compression,0.079214
-23.0,142.0,hydrogen_from_storage,0.051230
-23.0,142.0,hydrogen_fuel_cell,0.085357
-23.0,142.0,penalty_link,0.121136
-23.0,142.0,accumulated_penalty,0.119330
-23.0,142.0,ammonia,0.072983
-23.0,142.0,battery,0.072610
-23.0,142.0,compressed_hydrogen_store,0.065970
-22.0,133.0,solar,0.057075
-22.0,133.0,solar_tracking,0.058541
-22.0,133.0,wind,0.064056
-22.0,133.0,ammonia_synthesis,0.089478
-22.0,133.0,electrolysis,0.067318
-22.0,133.0,hydrogen_compression,0.076983
-22.0,133.0,hydrogen_from_storage,0.047418
-22.0,133.0,hydrogen_fuel_cell,0.083585
-22.0,133.0,penalty_link,0.114863
-22.0,133.0,accumulated_penalty,0.115077
-22.0,133.0,ammonia,0.061132
-22.0,133.0,battery,0.070299
-22.0,133.0,compressed_hydrogen_store,0.069831
-22.0,134.0,solar,0.058301
-22.0,134.0,solar_tracking,0.052546
-22.0,134.0,wind,0.064921
-22.0,134.0,ammonia_synthesis,0.089013
-22.0,134.0,electrolysis,0.068722
-22.0,134.0,hydrogen_compression,0.075979
-22.0,134.0,hydrogen_from_storage,0.050280
-22.0,134.0,hydrogen_fuel_cell,0.086494
-22.0,134.0,penalty_link,0.115569
-22.0,134.0,accumulated_penalty,0.119789
-22.0,134.0,ammonia,0.061831
-22.0,134.0,battery,0.069743
-22.0,134.0,compressed_hydrogen_store,0.062541
-22.0,135.0,solar,0.051787
-22.0,135.0,solar_tracking,0.051028
-22.0,135.0,wind,0.063559
-22.0,135.0,ammonia_synthesis,0.085799
-22.0,135.0,electrolysis,0.071756
-22.0,135.0,hydrogen_compression,0.071904
-22.0,135.0,hydrogen_from_storage,0.045792
-22.0,135.0,hydrogen_fuel_cell,0.079636
-22.0,135.0,penalty_link,0.111283
-22.0,135.0,accumulated_penalty,0.113658
-22.0,135.0,ammonia,0.070093
-22.0,135.0,battery,0.071911
-22.0,135.0,compressed_hydrogen_store,0.072400
-22.0,136.0,solar,0.051881
-22.0,136.0,solar_tracking,0.058480
-22.0,136.0,wind,0.068110
-22.0,136.0,ammonia_synthesis,0.090506
-22.0,136.0,electrolysis,0.068040
-22.0,136.0,hydrogen_compression,0.073201
-22.0,136.0,hydrogen_from_storage,0.049519
-22.0,136.0,hydrogen_fuel_cell,0.087879
-22.0,136.0,penalty_link,0.118186
-22.0,136.0,accumulated_penalty,0.119890
-22.0,136.0,ammonia,0.067270
-22.0,136.0,battery,0.068428
-22.0,136.0,compressed_hydrogen_store,0.071202
-22.0,137.0,solar,0.053046
-22.0,137.0,solar_tracking,0.054961
-22.0,137.0,wind,0.060890
-22.0,137.0,ammonia_synthesis,0.089752
-22.0,137.0,electrolysis,0.072664
-22.0,137.0,hydrogen_compression,0.075905
-22.0,137.0,hydrogen_from_storage,0.048739
-22.0,137.0,hydrogen_fuel_cell,0.085464
-22.0,137.0,penalty_link,0.111523
-22.0,137.0,accumulated_penalty,0.120133
-22.0,137.0,ammonia,0.069512
-22.0,137.0,battery,0.064767
-22.0,137.0,compressed_hydrogen_store,0.066094
-22.0,138.0,solar,0.057535
-22.0,138.0,solar_tracking,0.055551
-22.0,138.0,wind,0.068392
-22.0,138.0,ammonia_synthesis,0.090554
-22.0,138.0,electrolysis,0.073735
-22.0,138.0,hydrogen_compression,0.074153
-22.0,138.0,hydrogen_from_storage,0.053089
-22.0,138.0,hydrogen_fuel_cell,0.089544
-22.0,138.0,penalty_link,0.112075
-22.0,138.0,accumulated_penalty,0.121784
-22.0,138.0,ammonia,0.069315
-22.0,138.0,battery,0.069472
-22.0,138.0,compressed_hydrogen_store,0.067769
-22.0,139.0,solar,0.060092
-22.0,139.0,solar_tracking,0.055944
-22.0,139.0,wind,0.065002
-22.0,139.0,ammonia_synthesis,0.089079
-22.0,139.0,electrolysis,0.076064
-22.0,139.0,hydrogen_compression,0.082210
-22.0,139.0,hydrogen_from_storage,0.052193
-22.0,139.0,hydrogen_fuel_cell,0.085289
-22.0,139.0,penalty_link,0.114927
-22.0,139.0,accumulated_penalty,0.124934
-22.0,139.0,ammonia,0.066226
-22.0,139.0,battery,0.069223
-22.0,139.0,compressed_hydrogen_store,0.067599
-22.0,140.0,solar,0.061681
-22.0,140.0,solar_tracking,0.056166
-22.0,140.0,wind,0.070542
-22.0,140.0,ammonia_synthesis,0.088079
-22.0,140.0,electrolysis,0.070645
-22.0,140.0,hydrogen_compression,0.077947
-22.0,140.0,hydrogen_from_storage,0.051343
-22.0,140.0,hydrogen_fuel_cell,0.081286
-22.0,140.0,penalty_link,0.116276
-22.0,140.0,accumulated_penalty,0.120776
-22.0,140.0,ammonia,0.065003
-22.0,140.0,battery,0.070820
-22.0,140.0,compressed_hydrogen_store,0.069041
-22.0,141.0,solar,0.056491
-22.0,141.0,solar_tracking,0.054753
-22.0,141.0,wind,0.068645
-22.0,141.0,ammonia_synthesis,0.090307
-22.0,141.0,electrolysis,0.077616
-22.0,141.0,hydrogen_compression,0.078297
-22.0,141.0,hydrogen_from_storage,0.050585
-22.0,141.0,hydrogen_fuel_cell,0.089103
-22.0,141.0,penalty_link,0.120242
-22.0,141.0,accumulated_penalty,0.124221
-22.0,141.0,ammonia,0.070690
-22.0,141.0,battery,0.072438
-22.0,141.0,compressed_hydrogen_store,0.069723
-22.0,142.0,solar,0.061228
-22.0,142.0,solar_tracking,0.063986
-22.0,142.0,wind,0.065907
-22.0,142.0,ammonia_synthesis,0.088843
-22.0,142.0,electrolysis,0.071347
-22.0,142.0,hydrogen_compression,0.078827
-22.0,142.0,hydrogen_from_storage,0.054799
-22.0,142.0,hydrogen_fuel_cell,0.087315
-22.0,142.0,penalty_link,0.122280
-22.0,142.0,accumulated_penalty,0.119195
-22.0,142.0,ammonia,0.066904
-22.0,142.0,battery,0.071827
-22.0,142.0,compressed_hydrogen_store,0.075526
-21.0,133.0,solar,0.054215
-21.0,133.0,solar_tracking,0.054968
-21.0,133.0,wind,0.068298
-21.0,133.0,ammonia_synthesis,0.091774
-21.0,133.0,electrolysis,0.072185
-21.0,133.0,hydrogen_compression,0.080155
-21.0,133.0,hydrogen_from_storage,0.046865
-21.0,133.0,hydrogen_fuel_cell,0.087533
-21.0,133.0,penalty_link,0.113186
-21.0,133.0,accumulated_penalty,0.116703
-21.0,133.0,ammonia,0.064341
-21.0,133.0,battery,0.065832
-21.0,133.0,compressed_hydrogen_store,0.068511
-21.0,134.0,solar,0.061199
-21.0,134.0,solar_tracking,0.055274
-21.0,134.0,wind,0.061329
-21.0,134.0,ammonia_synthesis,0.087209
-21.0,134.0,electrolysis,0.077014
-21.0,134.0,hydrogen_compression,0.077269
-21.0,134.0,hydrogen_from_storage,0.051822
-21.0,134.0,hydrogen_fuel_cell,0.083091
-21.0,134.0,penalty_link,0.111463
-21.0,134.0,accumulated_penalty,0.120049
-21.0,134.0,ammonia,0.068925
-21.0,134.0,battery,0.074052
-21.0,134.0,compressed_hydrogen_store,0.071098
-21.0,135.0,solar,0.055389
-21.0,135.0,solar_tracking,0.058453
-21.0,135.0,wind,0.061053
-21.0,135.0,ammonia_synthesis,0.092820
-21.0,135.0,electrolysis,0.075054
-21.0,135.0,hydrogen_compression,0.076572
-21.0,135.0,hydrogen_from_storage,0.046323
-21.0,135.0,hydrogen_fuel_cell,0.084883
-21.0,135.0,penalty_link,0.115011
-21.0,135.0,accumulated_penalty,0.119914
-21.0,135.0,ammonia,0.065273
-21.0,135.0,battery,0.066610
-21.0,135.0,compressed_hydrogen_store,0.067301
-21.0,136.0,solar,0.060630
-21.0,136.0,solar_tracking,0.056116
-21.0,136.0,wind,0.068440
-21.0,136.0,ammonia_synthesis,0.091449
-21.0,136.0,electrolysis,0.073788
-21.0,136.0,hydrogen_compression,0.078890
-21.0,136.0,hydrogen_from_storage,0.047089
-21.0,136.0,hydrogen_fuel_cell,0.081366
-21.0,136.0,penalty_link,0.116777
-21.0,136.0,accumulated_penalty,0.120147
-21.0,136.0,ammonia,0.067624
-21.0,136.0,battery,0.073374
-21.0,136.0,compressed_hydrogen_store,0.071028
-21.0,137.0,solar,0.059961
-21.0,137.0,solar_tracking,0.057727
-21.0,137.0,wind,0.064859
-21.0,137.0,ammonia_synthesis,0.088373
-21.0,137.0,electrolysis,0.076592
-21.0,137.0,hydrogen_compression,0.080786
-21.0,137.0,hydrogen_from_storage,0.052608
-21.0,137.0,hydrogen_fuel_cell,0.085452
-21.0,137.0,penalty_link,0.120427
-21.0,137.0,accumulated_penalty,0.117761
-21.0,137.0,ammonia,0.068179
-21.0,137.0,battery,0.074928
-21.0,137.0,compressed_hydrogen_store,0.073495
-21.0,138.0,solar,0.057725
-21.0,138.0,solar_tracking,0.060793
-21.0,138.0,wind,0.069650
-21.0,138.0,ammonia_synthesis,0.092577
-21.0,138.0,electrolysis,0.070999
-21.0,138.0,hydrogen_compression,0.082145
-21.0,138.0,hydrogen_from_storage,0.054319
-21.0,138.0,hydrogen_fuel_cell,0.089662
-21.0,138.0,penalty_link,0.116857
-21.0,138.0,accumulated_penalty,0.119585
-21.0,138.0,ammonia,0.065748
-21.0,138.0,battery,0.075837
-21.0,138.0,compressed_hydrogen_store,0.066707
-21.0,139.0,solar,0.059195
-21.0,139.0,solar_tracking,0.058525
-21.0,139.0,wind,0.066089
-21.0,139.0,ammonia_synthesis,0.095438
-21.0,139.0,electrolysis,0.078717
-21.0,139.0,hydrogen_compression,0.075902
-21.0,139.0,hydrogen_from_storage,0.052119
-21.0,139.0,hydrogen_fuel_cell,0.091372
-21.0,139.0,penalty_link,0.120383
-21.0,139.0,accumulated_penalty,0.122697
-21.0,139.0,ammonia,0.065189
-21.0,139.0,battery,0.071335
-21.0,139.0,compressed_hydrogen_store,0.066053
-21.0,140.0,solar,0.056976
-21.0,140.0,solar_tracking,0.057991
-21.0,140.0,wind,0.064367
-21.0,140.0,ammonia_synthesis,0.090468
-21.0,140.0,electrolysis,0.077618
-21.0,140.0,hydrogen_compression,0.080409
-21.0,140.0,hydrogen_from_storage,0.056011
-21.0,140.0,hydrogen_fuel_cell,0.090239
-21.0,140.0,penalty_link,0.122940
-21.0,140.0,accumulated_penalty,0.126338
-21.0,140.0,ammonia,0.067543
-21.0,140.0,battery,0.071821
-21.0,140.0,compressed_hydrogen_store,0.074794
-21.0,141.0,solar,0.064696
-21.0,141.0,solar_tracking,0.057165
-21.0,141.0,wind,0.068519
-21.0,141.0,ammonia_synthesis,0.096161
-21.0,141.0,electrolysis,0.072896
-21.0,141.0,hydrogen_compression,0.081236
-21.0,141.0,hydrogen_from_storage,0.049140
-21.0,141.0,hydrogen_fuel_cell,0.085284
-21.0,141.0,penalty_link,0.119386
-21.0,141.0,accumulated_penalty,0.120795
-21.0,141.0,ammonia,0.067421
-21.0,141.0,battery,0.077943
-21.0,141.0,compressed_hydrogen_store,0.068358
-21.0,142.0,solar,0.061274
-21.0,142.0,solar_tracking,0.064327
-21.0,142.0,wind,0.069273
-21.0,142.0,ammonia_synthesis,0.094446
-21.0,142.0,electrolysis,0.082045
-21.0,142.0,hydrogen_compression,0.079050
-21.0,142.0,hydrogen_from_storage,0.056919
-21.0,142.0,hydrogen_fuel_cell,0.089036
-21.0,142.0,penalty_link,0.123160
-21.0,142.0,accumulated_penalty,0.122238
-21.0,142.0,ammonia,0.069072
-21.0,142.0,battery,0.074673
-21.0,142.0,compressed_hydrogen_store,0.070153
-20.0,133.0,solar,0.056502
-20.0,133.0,solar_tracking,0.056003
-20.0,133.0,wind,0.068817
-20.0,133.0,ammonia_synthesis,0.089093
-20.0,133.0,electrolysis,0.070163
-20.0,133.0,hydrogen_compression,0.076194
-20.0,133.0,hydrogen_from_storage,0.048676
-20.0,133.0,hydrogen_fuel_cell,0.082675
-20.0,133.0,penalty_link,0.117296
-20.0,133.0,accumulated_penalty,0.119015
-20.0,133.0,ammonia,0.064964
-20.0,133.0,battery,0.072119
-20.0,133.0,compressed_hydrogen_store,0.072598
-20.0,134.0,solar,0.056715
-20.0,134.0,solar_tracking,0.060749
-20.0,134.0,wind,0.063827
-20.0,134.0,ammonia_synthesis,0.086610
-20.0,134.0,electrolysis,0.070484
-20.0,134.0,hydrogen_compression,0.082381
-20.0,134.0,hydrogen_from_storage,0.045484
-20.0,134.0,hydrogen_fuel_cell,0.084758
-20.0,134.0,penalty_link,0.120883
-20.0,134.0,accumulated_penalty,0.119824
-20.0,134.0,ammonia,0.071400
-20.0,134.0,battery,0.073248
-20.0,134.0,compressed_hydrogen_store,0.071865
-20.0,135.0,solar,0.059925
-20.0,135.0,solar_tracking,0.055107
-20.0,135.0,wind,0.065168
-20.0,135.0,ammonia_synthesis,0.094410
-20.0,135.0,electrolysis,0.073573
-20.0,135.0,hydrogen_compression,0.076005
-20.0,135.0,hydrogen_from_storage,0.055527
-20.0,135.0,hydrogen_fuel_cell,0.089832
-20.0,135.0,penalty_link,0.118411
-20.0,135.0,accumulated_penalty,0.123991
-20.0,135.0,ammonia,0.069977
-20.0,135.0,battery,0.074175
-20.0,135.0,compressed_hydrogen_store,0.073105
-20.0,136.0,solar,0.058825
-20.0,136.0,solar_tracking,0.053163
-20.0,136.0,wind,0.066878
-20.0,136.0,ammonia_synthesis,0.094161
-20.0,136.0,electrolysis,0.079823
-20.0,136.0,hydrogen_compression,0.081808
-20.0,136.0,hydrogen_from_storage,0.049745
-20.0,136.0,hydrogen_fuel_cell,0.086166
-20.0,136.0,penalty_link,0.117497
-20.0,136.0,accumulated_penalty,0.124188
-20.0,136.0,ammonia,0.066467
-20.0,136.0,battery,0.068167
-20.0,136.0,compressed_hydrogen_store,0.075115
-20.0,137.0,solar,0.055022
-20.0,137.0,solar_tracking,0.061054
-20.0,137.0,wind,0.070738
-20.0,137.0,ammonia_synthesis,0.086574
-20.0,137.0,electrolysis,0.075546
-20.0,137.0,hydrogen_compression,0.075254
-20.0,137.0,hydrogen_from_storage,0.048633
-20.0,137.0,hydrogen_fuel_cell,0.091029
-20.0,137.0,penalty_link,0.118465
-20.0,137.0,accumulated_penalty,0.116421
-20.0,137.0,ammonia,0.069210
-20.0,137.0,battery,0.067825
-20.0,137.0,compressed_hydrogen_store,0.075067
-20.0,138.0,solar,0.060266
-20.0,138.0,solar_tracking,0.064059
-20.0,138.0,wind,0.066717
-20.0,138.0,ammonia_synthesis,0.094833
-20.0,138.0,electrolysis,0.075555
-20.0,138.0,hydrogen_compression,0.084652
-20.0,138.0,hydrogen_from_storage,0.052476
-20.0,138.0,hydrogen_fuel_cell,0.086589
-20.0,138.0,penalty_link,0.116001
-20.0,138.0,accumulated_penalty,0.117626
-20.0,138.0,ammonia,0.073251
-20.0,138.0,battery,0.076615
-20.0,138.0,compressed_hydrogen_store,0.066503
-20.0,139.0,solar,0.062295
-20.0,139.0,solar_tracking,0.057751
-20.0,139.0,wind,0.067775
-20.0,139.0,ammonia_synthesis,0.089427
-20.0,139.0,electrolysis,0.077473
-20.0,139.0,hydrogen_compression,0.085700
-20.0,139.0,hydrogen_from_storage,0.051261
-20.0,139.0,hydrogen_fuel_cell,0.086632
-20.0,139.0,penalty_link,0.114945
-20.0,139.0,accumulated_penalty,0.126852
-20.0,139.0,ammonia,0.066518
-20.0,139.0,battery,0.075707
-20.0,139.0,compressed_hydrogen_store,0.070220
-20.0,140.0,solar,0.057453
-20.0,140.0,solar_tracking,0.063014
-20.0,140.0,wind,0.073504
-20.0,140.0,ammonia_synthesis,0.091344
-20.0,140.0,electrolysis,0.082391
-20.0,140.0,hydrogen_compression,0.081377
-20.0,140.0,hydrogen_from_storage,0.054410
-20.0,140.0,hydrogen_fuel_cell,0.087359
-20.0,140.0,penalty_link,0.118649
-20.0,140.0,accumulated_penalty,0.123719
-20.0,140.0,ammonia,0.075542
-20.0,140.0,battery,0.076218
-20.0,140.0,compressed_hydrogen_store,0.070920
-20.0,141.0,solar,0.059739
-20.0,141.0,solar_tracking,0.061394
-20.0,141.0,wind,0.072481
-20.0,141.0,ammonia_synthesis,0.094370
-20.0,141.0,electrolysis,0.076452
-20.0,141.0,hydrogen_compression,0.083423
-20.0,141.0,hydrogen_from_storage,0.054657
-20.0,141.0,hydrogen_fuel_cell,0.087851
-20.0,141.0,penalty_link,0.121181
-20.0,141.0,accumulated_penalty,0.119746
-20.0,141.0,ammonia,0.076042
-20.0,141.0,battery,0.077547
-20.0,141.0,compressed_hydrogen_store,0.077116
-20.0,142.0,solar,0.063056
-20.0,142.0,solar_tracking,0.063336
-20.0,142.0,wind,0.071620
-20.0,142.0,ammonia_synthesis,0.094535
-20.0,142.0,electrolysis,0.081354
-20.0,142.0,hydrogen_compression,0.087076
-20.0,142.0,hydrogen_from_storage,0.056545
-20.0,142.0,hydrogen_fuel_cell,0.085580
-20.0,142.0,penalty_link,0.117131
-20.0,142.0,accumulated_penalty,0.122044
-20.0,142.0,ammonia,0.074444
-20.0,142.0,battery,0.074963
-20.0,142.0,compressed_hydrogen_store,0.072999
-19.0,133.0,solar,0.054159
-19.0,133.0,solar_tracking,0.058427
-19.0,133.0,wind,0.062736
-19.0,133.0,ammonia_synthesis,0.095061
-19.0,133.0,electrolysis,0.071457
-19.0,133.0,hydrogen_compression,0.076937
-19.0,133.0,hydrogen_from_storage,0.047594
-19.0,133.0,hydrogen_fuel_cell,0.085305
-19.0,133.0,penalty_link,0.116019
-19.0,133.0,accumulated_penalty,0.124758
-19.0,133.0,ammonia,0.072070
-19.0,133.0,battery,0.071634
-19.0,133.0,compressed_hydrogen_store,0.071646
-19.0,134.0,solar,0.058636
-19.0,134.0,solar_tracking,0.056290
-19.0,134.0,wind,0.070483
-19.0,134.0,ammonia_synthesis,0.095444
-19.0,134.0,electrolysis,0.078455
-19.0,134.0,hydrogen_compression,0.083823
-19.0,134.0,hydrogen_from_storage,0.053334
-19.0,134.0,hydrogen_fuel_cell,0.086699
-19.0,134.0,penalty_link,0.120083
-19.0,134.0,accumulated_penalty,0.116988
-19.0,134.0,ammonia,0.070015
-19.0,134.0,battery,0.071220
-19.0,134.0,compressed_hydrogen_store,0.074684
-19.0,135.0,solar,0.058105
-19.0,135.0,solar_tracking,0.058268
-19.0,135.0,wind,0.064740
-19.0,135.0,ammonia_synthesis,0.088253
-19.0,135.0,electrolysis,0.077762
-19.0,135.0,hydrogen_compression,0.074721
-19.0,135.0,hydrogen_from_storage,0.050574
-19.0,135.0,hydrogen_fuel_cell,0.083575
-19.0,135.0,penalty_link,0.122173
-19.0,135.0,accumulated_penalty,0.121885
-19.0,135.0,ammonia,0.066946
-19.0,135.0,battery,0.076618
-19.0,135.0,compressed_hydrogen_store,0.071939
-19.0,136.0,solar,0.060758
-19.0,136.0,solar_tracking,0.056820
-19.0,136.0,wind,0.072568
-19.0,136.0,ammonia_synthesis,0.089702
-19.0,136.0,electrolysis,0.076396
-19.0,136.0,hydrogen_compression,0.082702
-19.0,136.0,hydrogen_from_storage,0.052262
-19.0,136.0,hydrogen_fuel_cell,0.091864
-19.0,136.0,penalty_link,0.116479
-19.0,136.0,accumulated_penalty,0.118346
-19.0,136.0,ammonia,0.066003
-19.0,136.0,battery,0.067684
-19.0,136.0,compressed_hydrogen_store,0.076182
-19.0,137.0,solar,0.061484
-19.0,137.0,solar_tracking,0.059099
-19.0,137.0,wind,0.071967
-19.0,137.0,ammonia_synthesis,0.090381
-19.0,137.0,electrolysis,0.078761
-19.0,137.0,hydrogen_compression,0.081448
-19.0,137.0,hydrogen_from_storage,0.053978
-19.0,137.0,hydrogen_fuel_cell,0.085427
-19.0,137.0,penalty_link,0.116692
-19.0,137.0,accumulated_penalty,0.121033
-19.0,137.0,ammonia,0.069101
-19.0,137.0,battery,0.077077
-19.0,137.0,compressed_hydrogen_store,0.073241
-19.0,138.0,solar,0.062038
-19.0,138.0,solar_tracking,0.063855
-19.0,138.0,wind,0.072037
-19.0,138.0,ammonia_synthesis,0.095581
-19.0,138.0,electrolysis,0.075025
-19.0,138.0,hydrogen_compression,0.079890
-19.0,138.0,hydrogen_from_storage,0.051659
-19.0,138.0,hydrogen_fuel_cell,0.088768
-19.0,138.0,penalty_link,0.116414
-19.0,138.0,accumulated_penalty,0.120575
-19.0,138.0,ammonia,0.072728
-19.0,138.0,battery,0.070514
-19.0,138.0,compressed_hydrogen_store,0.074873
-19.0,139.0,solar,0.062890
-19.0,139.0,solar_tracking,0.055849
-19.0,139.0,wind,0.067128
-19.0,139.0,ammonia_synthesis,0.093252
-19.0,139.0,electrolysis,0.079215
-19.0,139.0,hydrogen_compression,0.079207
-19.0,139.0,hydrogen_from_storage,0.051931
-19.0,139.0,hydrogen_fuel_cell,0.093756
-19.0,139.0,penalty_link,0.117188
-19.0,139.0,accumulated_penalty,0.126544
-19.0,139.0,ammonia,0.067795
-19.0,139.0,battery,0.074819
-19.0,139.0,compressed_hydrogen_store,0.074351
-19.0,140.0,solar,0.060128
-19.0,140.0,solar_tracking,0.063322
-19.0,140.0,wind,0.074440
-19.0,140.0,ammonia_synthesis,0.092742
-19.0,140.0,electrolysis,0.077950
-19.0,140.0,hydrogen_compression,0.086662
-19.0,140.0,hydrogen_from_storage,0.049959
-19.0,140.0,hydrogen_fuel_cell,0.090440
-19.0,140.0,penalty_link,0.118028
-19.0,140.0,accumulated_penalty,0.128784
-19.0,140.0,ammonia,0.070473
-19.0,140.0,battery,0.071607
-19.0,140.0,compressed_hydrogen_store,0.070135
-19.0,141.0,solar,0.062032
-19.0,141.0,solar_tracking,0.059497
-19.0,141.0,wind,0.067529
-19.0,141.0,ammonia_synthesis,0.097937
-19.0,141.0,electrolysis,0.082762
-19.0,141.0,hydrogen_compression,0.084975
-19.0,141.0,hydrogen_from_storage,0.058169
-19.0,141.0,hydrogen_fuel_cell,0.092490
-19.0,141.0,penalty_link,0.122069
-19.0,141.0,accumulated_penalty,0.122090
-19.0,141.0,ammonia,0.070010
-19.0,141.0,battery,0.077515
-19.0,141.0,compressed_hydrogen_store,0.078349
-19.0,142.0,solar,0.064721
-19.0,142.0,solar_tracking,0.059385
-19.0,142.0,wind,0.072324
-19.0,142.0,ammonia_synthesis,0.094776
-19.0,142.0,electrolysis,0.084218
-19.0,142.0,hydrogen_compression,0.084521
-19.0,142.0,hydrogen_from_storage,0.056820
-19.0,142.0,hydrogen_fuel_cell,0.089251
-19.0,142.0,penalty_link,0.121557
-19.0,142.0,accumulated_penalty,0.129641
-19.0,142.0,ammonia,0.075457
-19.0,142.0,battery,0.074923
-19.0,142.0,compressed_hydrogen_store,0.079150
-18.0,133.0,solar,0.055189
-18.0,133.0,solar_tracking,0.055948
-18.0,133.0,wind,0.064781
-18.0,133.0,ammonia_synthesis,0.094991
-18.0,133.0,electrolysis,0.072141
-18.0,133.0,hydrogen_compression,0.075279
-18.0,133.0,hydrogen_from_storage,0.047654
-18.0,133.0,hydrogen_fuel_cell,0.084498
-18.0,133.0,penalty_link,0.115251
-18.0,133.0,accumulated_penalty,0.119446
-18.0,133.0,ammonia,0.065179
-18.0,133.0,battery,0.070384
-18.0,133.0,compressed_hydrogen_store,0.074499
-18.0,134.0,solar,0.063223
-18.0,134.0,solar_tracking,0.062730
-18.0,134.0,wind,0.063658
-18.0,134.0,ammonia_synthesis,0.093828
-18.0,134.0,electrolysis,0.080543
-18.0,134.0,hydrogen_compression,0.081128
-18.0,134.0,hydrogen_from_storage,0.049955
-18.0,134.0,hydrogen_fuel_cell,0.089301
-18.0,134.0,penalty_link,0.116796
-18.0,134.0,accumulated_penalty,0.123524
-18.0,134.0,ammonia,0.068015
-18.0,134.0,battery,0.074619
-18.0,134.0,compressed_hydrogen_store,0.075324
-18.0,135.0,solar,0.058696
-18.0,135.0,solar_tracking,0.055363
-18.0,135.0,wind,0.065021
-18.0,135.0,ammonia_synthesis,0.094638
-18.0,135.0,electrolysis,0.075271
-18.0,135.0,hydrogen_compression,0.083650
-18.0,135.0,hydrogen_from_storage,0.057434
-18.0,135.0,hydrogen_fuel_cell,0.086853
-18.0,135.0,penalty_link,0.124285
-18.0,135.0,accumulated_penalty,0.125017
-18.0,135.0,ammonia,0.067809
-18.0,135.0,battery,0.069393
-18.0,135.0,compressed_hydrogen_store,0.073245
-18.0,136.0,solar,0.056066
-18.0,136.0,solar_tracking,0.058451
-18.0,136.0,wind,0.071249
-18.0,136.0,ammonia_synthesis,0.094157
-18.0,136.0,electrolysis,0.081623
-18.0,136.0,hydrogen_compression,0.079169
-18.0,136.0,hydrogen_from_storage,0.052557
-18.0,136.0,hydrogen_fuel_cell,0.090064
-18.0,136.0,penalty_link,0.117752
-18.0,136.0,accumulated_penalty,0.122899
-18.0,136.0,ammonia,0.066260
-18.0,136.0,battery,0.075592
-18.0,136.0,compressed_hydrogen_store,0.075052
-18.0,137.0,solar,0.056638
-18.0,137.0,solar_tracking,0.056557
-18.0,137.0,wind,0.072476
-18.0,137.0,ammonia_synthesis,0.094606
-18.0,137.0,electrolysis,0.077739
-18.0,137.0,hydrogen_compression,0.086031
-18.0,137.0,hydrogen_from_storage,0.057172
-18.0,137.0,hydrogen_fuel_cell,0.092143
-18.0,137.0,penalty_link,0.123733
-18.0,137.0,accumulated_penalty,0.128212
-18.0,137.0,ammonia,0.075748
-18.0,137.0,battery,0.073364
-18.0,137.0,compressed_hydrogen_store,0.077402
-18.0,138.0,solar,0.062592
-18.0,138.0,solar_tracking,0.058323
-18.0,138.0,wind,0.065379
-18.0,138.0,ammonia_synthesis,0.095777
-18.0,138.0,electrolysis,0.076359
-18.0,138.0,hydrogen_compression,0.087287
-18.0,138.0,hydrogen_from_storage,0.051003
-18.0,138.0,hydrogen_fuel_cell,0.086692
-18.0,138.0,penalty_link,0.119135
-18.0,138.0,accumulated_penalty,0.121522
-18.0,138.0,ammonia,0.070029
-18.0,138.0,battery,0.079402
-18.0,138.0,compressed_hydrogen_store,0.073365
-18.0,139.0,solar,0.058238
-18.0,139.0,solar_tracking,0.066616
-18.0,139.0,wind,0.075364
-18.0,139.0,ammonia_synthesis,0.091084
-18.0,139.0,electrolysis,0.074614
-18.0,139.0,hydrogen_compression,0.081371
-18.0,139.0,hydrogen_from_storage,0.056210
-18.0,139.0,hydrogen_fuel_cell,0.085753
-18.0,139.0,penalty_link,0.120949
-18.0,139.0,accumulated_penalty,0.126907
-18.0,139.0,ammonia,0.075446
-18.0,139.0,battery,0.075926
-18.0,139.0,compressed_hydrogen_store,0.077779
-18.0,140.0,solar,0.066079
-18.0,140.0,solar_tracking,0.059822
-18.0,140.0,wind,0.069839
-18.0,140.0,ammonia_synthesis,0.090509
-18.0,140.0,electrolysis,0.078118
-18.0,140.0,hydrogen_compression,0.085202
-18.0,140.0,hydrogen_from_storage,0.051662
-18.0,140.0,hydrogen_fuel_cell,0.094071
-18.0,140.0,penalty_link,0.119919
-18.0,140.0,accumulated_penalty,0.123076
-18.0,140.0,ammonia,0.077823
-18.0,140.0,battery,0.076954
-18.0,140.0,compressed_hydrogen_store,0.075933
-18.0,141.0,solar,0.063761
-18.0,141.0,solar_tracking,0.067732
-18.0,141.0,wind,0.067104
-18.0,141.0,ammonia_synthesis,0.099855
-18.0,141.0,electrolysis,0.084755
-18.0,141.0,hydrogen_compression,0.085190
-18.0,141.0,hydrogen_from_storage,0.053315
-18.0,141.0,hydrogen_fuel_cell,0.094391
-18.0,141.0,penalty_link,0.123223
-18.0,141.0,accumulated_penalty,0.128816
-18.0,141.0,ammonia,0.076104
-18.0,141.0,battery,0.076900
-18.0,141.0,compressed_hydrogen_store,0.072330
-18.0,142.0,solar,0.069182
-18.0,142.0,solar_tracking,0.066270
-18.0,142.0,wind,0.070595
-18.0,142.0,ammonia_synthesis,0.094750
-18.0,142.0,electrolysis,0.084894
-18.0,142.0,hydrogen_compression,0.079990
-18.0,142.0,hydrogen_from_storage,0.052750
-18.0,142.0,hydrogen_fuel_cell,0.089343
-18.0,142.0,penalty_link,0.123252
-18.0,142.0,accumulated_penalty,0.130845
-18.0,142.0,ammonia,0.078422
-18.0,142.0,battery,0.077174
-18.0,142.0,compressed_hydrogen_store,0.071393
-17.0,133.0,solar,0.058807
-17.0,133.0,solar_tracking,0.064545
-17.0,133.0,wind,0.071290
-17.0,133.0,ammonia_synthesis,0.095191
-17.0,133.0,electrolysis,0.073757
-17.0,133.0,hydrogen_compression,0.085084
-17.0,133.0,hydrogen_from_storage,0.053452
-17.0,133.0,hydrogen_fuel_cell,0.083453
-17.0,133.0,penalty_link,0.120968
-17.0,133.0,accumulated_penalty,0.124536
-17.0,133.0,ammonia,0.065570
-17.0,133.0,battery,0.070570
-17.0,133.0,compressed_hydrogen_store,0.073408
-17.0,134.0,solar,0.062867
-17.0,134.0,solar_tracking,0.055712
-17.0,134.0,wind,0.070083
-17.0,134.0,ammonia_synthesis,0.096736
-17.0,134.0,electrolysis,0.077503
-17.0,134.0,hydrogen_compression,0.081899
-17.0,134.0,hydrogen_from_storage,0.048967
-17.0,134.0,hydrogen_fuel_cell,0.089316
-17.0,134.0,penalty_link,0.118470
-17.0,134.0,accumulated_penalty,0.120262
-17.0,134.0,ammonia,0.070247
-17.0,134.0,battery,0.069894
-17.0,134.0,compressed_hydrogen_store,0.068378
-17.0,135.0,solar,0.059938
-17.0,135.0,solar_tracking,0.061320
-17.0,135.0,wind,0.073985
-17.0,135.0,ammonia_synthesis,0.089346
-17.0,135.0,electrolysis,0.075601
-17.0,135.0,hydrogen_compression,0.078836
-17.0,135.0,hydrogen_from_storage,0.053309
-17.0,135.0,hydrogen_fuel_cell,0.087750
-17.0,135.0,penalty_link,0.117474
-17.0,135.0,accumulated_penalty,0.122014
-17.0,135.0,ammonia,0.072633
-17.0,135.0,battery,0.071799
-17.0,135.0,compressed_hydrogen_store,0.072214
-17.0,136.0,solar,0.057203
-17.0,136.0,solar_tracking,0.066137
-17.0,136.0,wind,0.074665
-17.0,136.0,ammonia_synthesis,0.090565
-17.0,136.0,electrolysis,0.077305
-17.0,136.0,hydrogen_compression,0.082728
-17.0,136.0,hydrogen_from_storage,0.058926
-17.0,136.0,hydrogen_fuel_cell,0.091209
-17.0,136.0,penalty_link,0.122216
-17.0,136.0,accumulated_penalty,0.124078
-17.0,136.0,ammonia,0.067940
-17.0,136.0,battery,0.073143
-17.0,136.0,compressed_hydrogen_store,0.071787
-17.0,137.0,solar,0.059964
-17.0,137.0,solar_tracking,0.060741
-17.0,137.0,wind,0.074089
-17.0,137.0,ammonia_synthesis,0.094691
-17.0,137.0,electrolysis,0.075025
-17.0,137.0,hydrogen_compression,0.085841
-17.0,137.0,hydrogen_from_storage,0.054361
-17.0,137.0,hydrogen_fuel_cell,0.089894
-17.0,137.0,penalty_link,0.124651
-17.0,137.0,accumulated_penalty,0.125726
-17.0,137.0,ammonia,0.068326
-17.0,137.0,battery,0.076142
-17.0,137.0,compressed_hydrogen_store,0.069490
-17.0,138.0,solar,0.065585
-17.0,138.0,solar_tracking,0.061631
-17.0,138.0,wind,0.071162
-17.0,138.0,ammonia_synthesis,0.096647
-17.0,138.0,electrolysis,0.077367
-17.0,138.0,hydrogen_compression,0.080126
-17.0,138.0,hydrogen_from_storage,0.060201
-17.0,138.0,hydrogen_fuel_cell,0.093898
-17.0,138.0,penalty_link,0.124547
-17.0,138.0,accumulated_penalty,0.128959
-17.0,138.0,ammonia,0.072212
-17.0,138.0,battery,0.078344
-17.0,138.0,compressed_hydrogen_store,0.071121
-17.0,139.0,solar,0.065720
-17.0,139.0,solar_tracking,0.059860
-17.0,139.0,wind,0.071255
-17.0,139.0,ammonia_synthesis,0.094702
-17.0,139.0,electrolysis,0.075395
-17.0,139.0,hydrogen_compression,0.080947
-17.0,139.0,hydrogen_from_storage,0.055664
-17.0,139.0,hydrogen_fuel_cell,0.091157
-17.0,139.0,penalty_link,0.125350
-17.0,139.0,accumulated_penalty,0.127360
-17.0,139.0,ammonia,0.077928
-17.0,139.0,battery,0.071496
-17.0,139.0,compressed_hydrogen_store,0.077083
-17.0,140.0,solar,0.063221
-17.0,140.0,solar_tracking,0.060038
-17.0,140.0,wind,0.076354
-17.0,140.0,ammonia_synthesis,0.094621
-17.0,140.0,electrolysis,0.081343
-17.0,140.0,hydrogen_compression,0.083556
-17.0,140.0,hydrogen_from_storage,0.056432
-17.0,140.0,hydrogen_fuel_cell,0.091716
-17.0,140.0,penalty_link,0.127240
-17.0,140.0,accumulated_penalty,0.126970
-17.0,140.0,ammonia,0.076958
-17.0,140.0,battery,0.076628
-17.0,140.0,compressed_hydrogen_store,0.079056
-17.0,141.0,solar,0.069530
-17.0,141.0,solar_tracking,0.064206
-17.0,141.0,wind,0.076151
-17.0,141.0,ammonia_synthesis,0.097811
-17.0,141.0,electrolysis,0.082892
-17.0,141.0,hydrogen_compression,0.088937
-17.0,141.0,hydrogen_from_storage,0.055527
-17.0,141.0,hydrogen_fuel_cell,0.096629
-17.0,141.0,penalty_link,0.127574
-17.0,141.0,accumulated_penalty,0.122217
-17.0,141.0,ammonia,0.075553
-17.0,141.0,battery,0.074961
-17.0,141.0,compressed_hydrogen_store,0.080038
-17.0,142.0,solar,0.064289
-17.0,142.0,solar_tracking,0.064579
-17.0,142.0,wind,0.069831
-17.0,142.0,ammonia_synthesis,0.093394
-17.0,142.0,electrolysis,0.082291
-17.0,142.0,hydrogen_compression,0.083312
-17.0,142.0,hydrogen_from_storage,0.059035
-17.0,142.0,hydrogen_fuel_cell,0.093907
-17.0,142.0,penalty_link,0.121571
-17.0,142.0,accumulated_penalty,0.130481
-17.0,142.0,ammonia,0.071012
-17.0,142.0,battery,0.077326
-17.0,142.0,compressed_hydrogen_store,0.080685
-16.0,133.0,solar,0.058146
-16.0,133.0,solar_tracking,0.061207
-16.0,133.0,wind,0.067658
-16.0,133.0,ammonia_synthesis,0.088582
-16.0,133.0,electrolysis,0.080966
-16.0,133.0,hydrogen_compression,0.083162
-16.0,133.0,hydrogen_from_storage,0.058214
-16.0,133.0,hydrogen_fuel_cell,0.085423
-16.0,133.0,penalty_link,0.122199
-16.0,133.0,accumulated_penalty,0.122737
-16.0,133.0,ammonia,0.071391
-16.0,133.0,battery,0.075668
-16.0,133.0,compressed_hydrogen_store,0.068576
-16.0,134.0,solar,0.064382
-16.0,134.0,solar_tracking,0.057905
-16.0,134.0,wind,0.070258
-16.0,134.0,ammonia_synthesis,0.098526
-16.0,134.0,electrolysis,0.074339
-16.0,134.0,hydrogen_compression,0.085146
-16.0,134.0,hydrogen_from_storage,0.054811
-16.0,134.0,hydrogen_fuel_cell,0.089025
-16.0,134.0,penalty_link,0.116316
-16.0,134.0,accumulated_penalty,0.127341
-16.0,134.0,ammonia,0.076032
-16.0,134.0,battery,0.073153
-16.0,134.0,compressed_hydrogen_store,0.069817
-16.0,135.0,solar,0.059199
-16.0,135.0,solar_tracking,0.058563
-16.0,135.0,wind,0.074657
-16.0,135.0,ammonia_synthesis,0.096621
-16.0,135.0,electrolysis,0.079237
-16.0,135.0,hydrogen_compression,0.081839
-16.0,135.0,hydrogen_from_storage,0.054191
-16.0,135.0,hydrogen_fuel_cell,0.093976
-16.0,135.0,penalty_link,0.120919
-16.0,135.0,accumulated_penalty,0.123252
-16.0,135.0,ammonia,0.075533
-16.0,135.0,battery,0.072158
-16.0,135.0,compressed_hydrogen_store,0.072476
-16.0,136.0,solar,0.059381
-16.0,136.0,solar_tracking,0.060807
-16.0,136.0,wind,0.074775
-16.0,136.0,ammonia_synthesis,0.091701
-16.0,136.0,electrolysis,0.078601
-16.0,136.0,hydrogen_compression,0.088470
-16.0,136.0,hydrogen_from_storage,0.052117
-16.0,136.0,hydrogen_fuel_cell,0.092419
-16.0,136.0,penalty_link,0.119990
-16.0,136.0,accumulated_penalty,0.121284
-16.0,136.0,ammonia,0.074766
-16.0,136.0,battery,0.078701
-16.0,136.0,compressed_hydrogen_store,0.075250
-16.0,137.0,solar,0.062479
-16.0,137.0,solar_tracking,0.061439
-16.0,137.0,wind,0.071269
-16.0,137.0,ammonia_synthesis,0.096384
-16.0,137.0,electrolysis,0.083219
-16.0,137.0,hydrogen_compression,0.084996
-16.0,137.0,hydrogen_from_storage,0.060876
-16.0,137.0,hydrogen_fuel_cell,0.087619
-16.0,137.0,penalty_link,0.124326
-16.0,137.0,accumulated_penalty,0.127054
-16.0,137.0,ammonia,0.073575
-16.0,137.0,battery,0.072869
-16.0,137.0,compressed_hydrogen_store,0.075068
-16.0,138.0,solar,0.061838
-16.0,138.0,solar_tracking,0.064643
-16.0,138.0,wind,0.073881
-16.0,138.0,ammonia_synthesis,0.098648
-16.0,138.0,electrolysis,0.083815
-16.0,138.0,hydrogen_compression,0.081644
-16.0,138.0,hydrogen_from_storage,0.060110
-16.0,138.0,hydrogen_fuel_cell,0.087591
-16.0,138.0,penalty_link,0.120463
-16.0,138.0,accumulated_penalty,0.127185
-16.0,138.0,ammonia,0.076204
-16.0,138.0,battery,0.076402
-16.0,138.0,compressed_hydrogen_store,0.076290
-16.0,139.0,solar,0.064327
-16.0,139.0,solar_tracking,0.068328
-16.0,139.0,wind,0.075507
-16.0,139.0,ammonia_synthesis,0.096414
-16.0,139.0,electrolysis,0.085390
-16.0,139.0,hydrogen_compression,0.082495
-16.0,139.0,hydrogen_from_storage,0.056887
-16.0,139.0,hydrogen_fuel_cell,0.094076
-16.0,139.0,penalty_link,0.118932
-16.0,139.0,accumulated_penalty,0.125455
-16.0,139.0,ammonia,0.074080
-16.0,139.0,battery,0.073913
-16.0,139.0,compressed_hydrogen_store,0.078905
-16.0,140.0,solar,0.060715
-16.0,140.0,solar_tracking,0.062981
-16.0,140.0,wind,0.075392
-16.0,140.0,ammonia_synthesis,0.092527
-16.0,140.0,electrolysis,0.083682
-16.0,140.0,hydrogen_compression,0.081316
-16.0,140.0,hydrogen_from_storage,0.058910
-16.0,140.0,hydrogen_fuel_cell,0.088380
-16.0,140.0,penalty_link,0.126304
-16.0,140.0,accumulated_penalty,0.125610
-16.0,140.0,ammonia,0.071904
-16.0,140.0,battery,0.073844
-16.0,140.0,compressed_hydrogen_store,0.072819
-16.0,141.0,solar,0.061964
-16.0,141.0,solar_tracking,0.069677
-16.0,141.0,wind,0.073873
-16.0,141.0,ammonia_synthesis,0.096119
-16.0,141.0,electrolysis,0.079981
-16.0,141.0,hydrogen_compression,0.082517
-16.0,141.0,hydrogen_from_storage,0.062729
-16.0,141.0,hydrogen_fuel_cell,0.090739
-16.0,141.0,penalty_link,0.129355
-16.0,141.0,accumulated_penalty,0.128336
-16.0,141.0,ammonia,0.071849
-16.0,141.0,battery,0.081724
-16.0,141.0,compressed_hydrogen_store,0.073897
-16.0,142.0,solar,0.069613
-16.0,142.0,solar_tracking,0.062261
-16.0,142.0,wind,0.069716
-16.0,142.0,ammonia_synthesis,0.099944
-16.0,142.0,electrolysis,0.086035
-16.0,142.0,hydrogen_compression,0.088047
-16.0,142.0,hydrogen_from_storage,0.055144
-16.0,142.0,hydrogen_fuel_cell,0.091999
-16.0,142.0,penalty_link,0.125891
-16.0,142.0,accumulated_penalty,0.131182
-16.0,142.0,ammonia,0.079897
-16.0,142.0,battery,0.076300
-16.0,142.0,compressed_hydrogen_store,0.081517
-15.0,133.0,solar,0.066921
-15.0,133.0,solar_tracking,0.060861
-15.0,133.0,wind,0.066395
-15.0,133.0,ammonia_synthesis,0.094799
-15.0,133.0,electrolysis,0.078933
-15.0,133.0,hydrogen_compression,0.080310
-15.0,133.0,hydrogen_from_storage,0.055093
-15.0,133.0,hydrogen_fuel_cell,0.093143
-15.0,133.0,penalty_link,0.124469
-15.0,133.0,accumulated_penalty,0.126665
-15.0,133.0,ammonia,0.075999
-15.0,133.0,battery,0.073135
-15.0,133.0,compressed_hydrogen_store,0.073234
-15.0,134.0,solar,0.065349
-15.0,134.0,solar_tracking,0.059245
-15.0,134.0,wind,0.067184
-15.0,134.0,ammonia_synthesis,0.096698
-15.0,134.0,electrolysis,0.079055
-15.0,134.0,hydrogen_compression,0.084168
-15.0,134.0,hydrogen_from_storage,0.058854
-15.0,134.0,hydrogen_fuel_cell,0.091348
-15.0,134.0,penalty_link,0.120478
-15.0,134.0,accumulated_penalty,0.121917
-15.0,134.0,ammonia,0.071388
-15.0,134.0,battery,0.072668
-15.0,134.0,compressed_hydrogen_store,0.077688
-15.0,135.0,solar,0.065902
-15.0,135.0,solar_tracking,0.060892
-15.0,135.0,wind,0.075203
-15.0,135.0,ammonia_synthesis,0.095600
-15.0,135.0,electrolysis,0.081411
-15.0,135.0,hydrogen_compression,0.086357
-15.0,135.0,hydrogen_from_storage,0.054380
-15.0,135.0,hydrogen_fuel_cell,0.095758
-15.0,135.0,penalty_link,0.118448
-15.0,135.0,accumulated_penalty,0.128302
-15.0,135.0,ammonia,0.075300
-15.0,135.0,battery,0.077165
-15.0,135.0,compressed_hydrogen_store,0.076932
-15.0,136.0,solar,0.068899
-15.0,136.0,solar_tracking,0.060357
-15.0,136.0,wind,0.071443
-15.0,136.0,ammonia_synthesis,0.092180
-15.0,136.0,electrolysis,0.076130
-15.0,136.0,hydrogen_compression,0.089560
-15.0,136.0,hydrogen_from_storage,0.054654
-15.0,136.0,hydrogen_fuel_cell,0.094203
-15.0,136.0,penalty_link,0.125417
-15.0,136.0,accumulated_penalty,0.126377
-15.0,136.0,ammonia,0.073971
-15.0,136.0,battery,0.077042
-15.0,136.0,compressed_hydrogen_store,0.072134
-15.0,137.0,solar,0.063637
-15.0,137.0,solar_tracking,0.063395
-15.0,137.0,wind,0.075832
-15.0,137.0,ammonia_synthesis,0.092720
-15.0,137.0,electrolysis,0.081561
-15.0,137.0,hydrogen_compression,0.082202
-15.0,137.0,hydrogen_from_storage,0.057078
-15.0,137.0,hydrogen_fuel_cell,0.095290
-15.0,137.0,penalty_link,0.128763
-15.0,137.0,accumulated_penalty,0.122676
-15.0,137.0,ammonia,0.078936
-15.0,137.0,battery,0.077800
-15.0,137.0,compressed_hydrogen_store,0.077925
-15.0,138.0,solar,0.065262
-15.0,138.0,solar_tracking,0.061872
-15.0,138.0,wind,0.074482
-15.0,138.0,ammonia_synthesis,0.097447
-15.0,138.0,electrolysis,0.078776
-15.0,138.0,hydrogen_compression,0.082534
-15.0,138.0,hydrogen_from_storage,0.061579
-15.0,138.0,hydrogen_fuel_cell,0.090467
-15.0,138.0,penalty_link,0.126332
-15.0,138.0,accumulated_penalty,0.123916
-15.0,138.0,ammonia,0.074060
-15.0,138.0,battery,0.081128
-15.0,138.0,compressed_hydrogen_store,0.074953
-15.0,139.0,solar,0.065280
-15.0,139.0,solar_tracking,0.063086
-15.0,139.0,wind,0.070985
-15.0,139.0,ammonia_synthesis,0.100363
-15.0,139.0,electrolysis,0.085831
-15.0,139.0,hydrogen_compression,0.089673
-15.0,139.0,hydrogen_from_storage,0.061627
-15.0,139.0,hydrogen_fuel_cell,0.092371
-15.0,139.0,penalty_link,0.126489
-15.0,139.0,accumulated_penalty,0.128159
-15.0,139.0,ammonia,0.076583
-15.0,139.0,battery,0.079780
-15.0,139.0,compressed_hydrogen_store,0.073881
-15.0,140.0,solar,0.070794
-15.0,140.0,solar_tracking,0.066097
-15.0,140.0,wind,0.070208
-15.0,140.0,ammonia_synthesis,0.094423
-15.0,140.0,electrolysis,0.083857
-15.0,140.0,hydrogen_compression,0.087539
-15.0,140.0,hydrogen_from_storage,0.057008
-15.0,140.0,hydrogen_fuel_cell,0.093382
-15.0,140.0,penalty_link,0.126595
-15.0,140.0,accumulated_penalty,0.124688
-15.0,140.0,ammonia,0.080039
-15.0,140.0,battery,0.076252
-15.0,140.0,compressed_hydrogen_store,0.075761
-15.0,141.0,solar,0.070168
-15.0,141.0,solar_tracking,0.070471
-15.0,141.0,wind,0.070170
-15.0,141.0,ammonia_synthesis,0.101622
-15.0,141.0,electrolysis,0.086760
-15.0,141.0,hydrogen_compression,0.092023
-15.0,141.0,hydrogen_from_storage,0.061771
-15.0,141.0,hydrogen_fuel_cell,0.092104
-15.0,141.0,penalty_link,0.129696
-15.0,141.0,accumulated_penalty,0.127686
-15.0,141.0,ammonia,0.073996
-15.0,141.0,battery,0.079776
-15.0,141.0,compressed_hydrogen_store,0.083451
-15.0,142.0,solar,0.071762
-15.0,142.0,solar_tracking,0.066765
-15.0,142.0,wind,0.075180
-15.0,142.0,ammonia_synthesis,0.098119
-15.0,142.0,electrolysis,0.088652
-15.0,142.0,hydrogen_compression,0.083899
-15.0,142.0,hydrogen_from_storage,0.063943
-15.0,142.0,hydrogen_fuel_cell,0.093561
-15.0,142.0,penalty_link,0.129894
-15.0,142.0,accumulated_penalty,0.132898
-15.0,142.0,ammonia,0.077901
-15.0,142.0,battery,0.082233
-15.0,142.0,compressed_hydrogen_store,0.083006
-14.0,133.0,solar,0.066936
-14.0,133.0,solar_tracking,0.067169
-14.0,133.0,wind,0.070747
-14.0,133.0,ammonia_synthesis,0.091889
-14.0,133.0,electrolysis,0.083993
-14.0,133.0,hydrogen_compression,0.082666
-14.0,133.0,hydrogen_from_storage,0.052095
-14.0,133.0,hydrogen_fuel_cell,0.094340
-14.0,133.0,penalty_link,0.119440
-14.0,133.0,accumulated_penalty,0.122629
-14.0,133.0,ammonia,0.072558
-14.0,133.0,battery,0.080067
-14.0,133.0,compressed_hydrogen_store,0.077763
-14.0,134.0,solar,0.067183
-14.0,134.0,solar_tracking,0.063692
-14.0,134.0,wind,0.067657
-14.0,134.0,ammonia_synthesis,0.091919
-14.0,134.0,electrolysis,0.078372
-14.0,134.0,hydrogen_compression,0.087393
-14.0,134.0,hydrogen_from_storage,0.059656
-14.0,134.0,hydrogen_fuel_cell,0.093680
-14.0,134.0,penalty_link,0.121282
-14.0,134.0,accumulated_penalty,0.126963
-14.0,134.0,ammonia,0.078104
-14.0,134.0,battery,0.076445
-14.0,134.0,compressed_hydrogen_store,0.077203
-14.0,135.0,solar,0.061247
-14.0,135.0,solar_tracking,0.062933
-14.0,135.0,wind,0.076386
-14.0,135.0,ammonia_synthesis,0.093997
-14.0,135.0,electrolysis,0.076490
-14.0,135.0,hydrogen_compression,0.085721
-14.0,135.0,hydrogen_from_storage,0.057035
-14.0,135.0,hydrogen_fuel_cell,0.092816
-14.0,135.0,penalty_link,0.127539
-14.0,135.0,accumulated_penalty,0.123227
-14.0,135.0,ammonia,0.079584
-14.0,135.0,battery,0.077865
-14.0,135.0,compressed_hydrogen_store,0.071733
-14.0,136.0,solar,0.068611
-14.0,136.0,solar_tracking,0.068800
-14.0,136.0,wind,0.074144
-14.0,136.0,ammonia_synthesis,0.098077
-14.0,136.0,electrolysis,0.079179
-14.0,136.0,hydrogen_compression,0.080898
-14.0,136.0,hydrogen_from_storage,0.057197
-14.0,136.0,hydrogen_fuel_cell,0.088080
-14.0,136.0,penalty_link,0.125767
-14.0,136.0,accumulated_penalty,0.125607
-14.0,136.0,ammonia,0.075775
-14.0,136.0,battery,0.075237
-14.0,136.0,compressed_hydrogen_store,0.072886
-14.0,137.0,solar,0.068792
-14.0,137.0,solar_tracking,0.064126
-14.0,137.0,wind,0.071600
-14.0,137.0,ammonia_synthesis,0.099245
-14.0,137.0,electrolysis,0.085432
-14.0,137.0,hydrogen_compression,0.084794
-14.0,137.0,hydrogen_from_storage,0.059703
-14.0,137.0,hydrogen_fuel_cell,0.093313
-14.0,137.0,penalty_link,0.126007
-14.0,137.0,accumulated_penalty,0.128472
-14.0,137.0,ammonia,0.080133
-14.0,137.0,battery,0.078470
-14.0,137.0,compressed_hydrogen_store,0.081902
-14.0,138.0,solar,0.069339
-14.0,138.0,solar_tracking,0.061599
-14.0,138.0,wind,0.072183
-14.0,138.0,ammonia_synthesis,0.098343
-14.0,138.0,electrolysis,0.078759
-14.0,138.0,hydrogen_compression,0.090915
-14.0,138.0,hydrogen_from_storage,0.057431
-14.0,138.0,hydrogen_fuel_cell,0.091006
-14.0,138.0,penalty_link,0.124284
-14.0,138.0,accumulated_penalty,0.125102
-14.0,138.0,ammonia,0.075117
-14.0,138.0,battery,0.075451
-14.0,138.0,compressed_hydrogen_store,0.074397
-14.0,139.0,solar,0.063395
-14.0,139.0,solar_tracking,0.064665
-14.0,139.0,wind,0.072590
-14.0,139.0,ammonia_synthesis,0.097956
-14.0,139.0,electrolysis,0.078836
-14.0,139.0,hydrogen_compression,0.083824
-14.0,139.0,hydrogen_from_storage,0.063498
-14.0,139.0,hydrogen_fuel_cell,0.094749
-14.0,139.0,penalty_link,0.128714
-14.0,139.0,accumulated_penalty,0.126787
-14.0,139.0,ammonia,0.078685
-14.0,139.0,battery,0.079393
-14.0,139.0,compressed_hydrogen_store,0.080522
-14.0,140.0,solar,0.068468
-14.0,140.0,solar_tracking,0.065727
-14.0,140.0,wind,0.078929
-14.0,140.0,ammonia_synthesis,0.098976
-14.0,140.0,electrolysis,0.082058
-14.0,140.0,hydrogen_compression,0.090039
-14.0,140.0,hydrogen_from_storage,0.056037
-14.0,140.0,hydrogen_fuel_cell,0.099138
-14.0,140.0,penalty_link,0.123037
-14.0,140.0,accumulated_penalty,0.132462
-14.0,140.0,ammonia,0.072640
-14.0,140.0,battery,0.083038
-14.0,140.0,compressed_hydrogen_store,0.074635
-14.0,141.0,solar,0.067311
-14.0,141.0,solar_tracking,0.062471
-14.0,141.0,wind,0.078687
-14.0,141.0,ammonia_synthesis,0.102415
-14.0,141.0,electrolysis,0.088080
-14.0,141.0,hydrogen_compression,0.092368
-14.0,141.0,hydrogen_from_storage,0.063067
-14.0,141.0,hydrogen_fuel_cell,0.098301
-14.0,141.0,penalty_link,0.125202
-14.0,141.0,accumulated_penalty,0.131539
-14.0,141.0,ammonia,0.077076
-14.0,141.0,battery,0.082793
-14.0,141.0,compressed_hydrogen_store,0.081346
-14.0,142.0,solar,0.066854
-14.0,142.0,solar_tracking,0.066063
-14.0,142.0,wind,0.074053
-14.0,142.0,ammonia_synthesis,0.100743
-14.0,142.0,electrolysis,0.086132
-14.0,142.0,hydrogen_compression,0.085051
-14.0,142.0,hydrogen_from_storage,0.064874
-14.0,142.0,hydrogen_fuel_cell,0.093760
-14.0,142.0,penalty_link,0.129285
-14.0,142.0,accumulated_penalty,0.129518
-14.0,142.0,ammonia,0.080861
-14.0,142.0,battery,0.083459
-14.0,142.0,compressed_hydrogen_store,0.075741
